V1,V2,V3,V4,Amount,Class
-1.3598,0.07278,2.5363,1.3781,149.62,0
1.1918,0.2661,0.1664,0.4481,2.69,0
-1.3583,-1.3401,1.7732,0.3797,378.66,0
-0.9662,-0.1852,1.7929,-0.8632,123.5,0
-1.1582,0.8777,1.5487,0.403,69.99,0
-0.4259,0.9605,1.1411,-0.1682,3.67,0
0.1221,0.1414,0.0453,-0.5526,4.99,0
-0.6442,1.4179,1.0743,-0.4921,40.8,0
-0.8942,0.2861,-0.1131,-0.2715,93.2,0
-0.3382,1.1195,1.0443,-0.2715,3.68,0
1.449,0.918,-0.0543,-0.5526,7.8,0
0.3849,0.6161,-0.8743,-0.0943,9.99,0
1.2499,-1.2216,0.2839,-1.2312,121.5,0
-3.0435,-3.1573,1.0884,2.2886,529.0,1
-2.3122,1.9519,-1.6098,3.9979,0.0,1
-4.4995,-1.9304,-4.0864,2.5159,392.64,1
-0.928,1.2185,-0.6098,1.0884,1.0,0
1.2185,-0.3849,0.1414,-0.0943,24.5,0
-0.3456,1.0943,-0.2715,0.4481,15.0,0
1.1195,-0.6442,0.403,0.3797,89.0,0
0.07278,0.8777,0.1664,-0.8632,5.5,0
-1.6098,-0.1131,1.5487,-0.4921,110.0,0
1.0443,-0.0543,-0.4921,1.3781,42.0,0
-2.1122,1.8895,-2.1122,4.1234,12.0,1
-0.1852,0.9605,0.2839,-0.2715,18.5,0
1.9519,-0.4259,-0.8743,-0.5526,65.0,0
-0.8632,0.3797,1.0743,0.403,34.0,0
-1.3401,1.449,-0.0543,0.4481,8.99,0
0.2661,-0.9662,1.7732,-1.2312,199.0,0
-0.0943,0.3849,-1.6098,2.2886,3.0,1
