Id,OverallQual,GrLivArea,GarageCars,TotalBsmtSF,FullBath,YearBuilt,SalePrice
1,7,1710,2,856,2,2003,208500
2,6,1262,2,1262,2,1976,181500
3,7,1786,2,920,2,2001,223500
4,7,1717,3,756,1,1915,140000
5,8,2198,3,1145,2,2000,250000
6,5,1362,2,796,1,1993,143000
7,8,1694,2,1686,2,2004,307000
8,7,2090,2,1107,2,1973,200000
9,7,1774,2,952,2,1931,129900
10,5,1077,1,991,1,1939,118000
11,5,1040,1,1040,1,1965,129500
12,9,2324,3,1175,3,2005,345000
13,5,912,1,912,1,1962,144000
14,7,1494,3,1494,2,2006,279500
15,6,1253,1,1253,1,1960,157000
16,7,854,2,832,1,1929,132000
17,6,1004,2,1004,1,1970,149000
18,4,1296,2,0,2,1967,90000
19,5,1114,2,1114,1,2004,159000
20,5,1339,1,1029,1,1958,139000
21,8,1794,3,1586,2,2005,325300
22,7,1108,1,637,1,1930,139400
23,8,1795,2,1777,2,2002,230000
24,5,1060,2,1040,1,1976,129900
25,5,1060,1,1060,1,1968,154000
26,8,1600,3,1566,2,2007,256300
27,5,900,2,900,1,1951,134800
28,8,1704,3,1704,2,2007,306000
29,5,1600,1,1484,1,1957,207500
30,4,520,1,520,1,1927,68500
31,4,1317,1,649,1,1920,40000
32,5,1228,1,1228,1,1966,149350
33,8,1234,2,1234,2,2007,179900
34,5,1700,2,1398,1,1959,165500
35,9,1561,2,1561,2,2005,277500
36,8,2452,3,1117,3,2004,309000
37,5,1097,2,1097,1,1994,145000
38,5,1297,2,1297,1,1954,153000
39,5,1057,1,1057,1,1953,109000
40,4,1152,0,0,2,1955,82000
