PassengerId,Pclass,Sex,Age,SibSp,Parch,Fare,Embarked,survived
1,3,male,22.0,1,0,7.25,S,0
2,1,female,38.0,1,0,71.28,C,1
3,3,female,26.0,0,0,7.925,S,1
4,1,female,35.0,1,0,53.1,S,1
5,3,male,35.0,0,0,8.05,S,0
6,3,male,28.0,0,0,8.458,Q,0
7,1,male,54.0,0,0,51.86,S,0
8,3,male,2.0,3,1,21.075,S,0
9,3,female,27.0,0,2,11.133,S,1
10,2,female,14.0,1,0,30.07,C,1
11,3,female,4.0,1,1,16.7,S,1
12,1,female,58.0,0,0,26.55,S,1
13,3,male,20.0,0,0,8.05,S,0
14,3,male,39.0,1,5,31.275,S,0
15,3,female,14.0,0,0,7.854,S,0
16,2,female,55.0,0,0,16.0,S,1
17,3,male,2.0,4,1,29.125,Q,0
18,2,male,30.0,0,0,13.0,S,0
19,3,female,31.0,1,0,18.0,S,0
20,3,female,25.0,0,0,7.225,C,1
21,2,male,35.0,0,0,13.0,S,0
22,3,male,34.0,0,0,8.05,S,0
23,3,female,15.0,0,0,8.029,Q,1
24,1,male,28.0,0,0,35.5,S,1
25,3,female,8.0,3,1,21.075,S,0
26,3,female,38.0,1,5,31.387,S,1
27,3,male,26.0,0,0,7.225,C,0
28,1,male,19.0,3,2,263.0,S,0
29,3,female,24.0,0,0,7.879,Q,1
30,3,male,30.0,0,0,7.895,S,0
31,1,male,40.0,0,0,27.72,C,0
32,1,female,35.0,1,0,146.52,C,1
33,3,female,22.0,0,0,7.75,Q,1
34,2,male,66.0,0,0,10.5,S,0
35,1,male,28.0,1,0,82.17,C,0
36,1,male,42.0,1,0,52.0,S,0
37,3,male,26.0,0,0,7.229,C,1
38,3,male,21.0,0,0,8.05,S,0
39,3,female,18.0,2,0,18.0,S,0
40,3,female,14.0,1,0,11.24,C,1
41,3,female,40.0,1,0,9.475,S,0
42,2,female,27.0,1,0,21.0,S,0
43,3,male,29.0,0,0,7.895,C,0
44,2,female,3.0,1,2,41.579,C,1
45,3,female,19.0,0,0,7.879,Q,1
46,3,male,25.0,0,0,8.05,S,0
47,3,male,32.0,1,0,15.5,Q,0
48,3,female,22.0,0,0,7.75,Q,1
49,3,male,27.0,2,0,21.679,C,0
50,3,female,18.0,1,0,17.8,S,0
